{"cameraMode":{"drawMode":0,"name":"Shaded","section":"Shading Mode"},"sceneLighting":true,"audioPlay":false,"sceneViewState":{"m_AlwaysRefresh":false,"showFog":true,"showSkybox":true,"showFlares":true,"showImageEffects":true,"showParticleSystems":true,"showVisualEffectGraphs":true,"m_FxEnabled":true},"in2DMode":false,"pivot":{"x":-0.5519728064537048,"y":3.6610307693481447,"z":7.176860332489014},"rotation":{"x":0.10271743685007096,"y":-0.000001066831487150921,"z":-0.000009140121619566344,"w":0.9947180151939392},"size":12.12435531616211,"orthographic":false}